{"meta":{"title":"In Bruges","author":"That guy that was in The Guard"},"theme":{"backgroundImage":"Some background image","borderColor":"Some border color"},"music":{"name":"15 Step","artist":"Radiohead","src":"kong"},"credits":["Some credit","Another credit","A final credit","A post-final credit"],"views":[{"world":[{"x":640,"y":640,"r":0,"w":640,"h":640,"id":"img-66-photo","border":10}],"style":{"background":"blue"},"animations":[{"position":{"p0":{"x":940,"y":640,"z":1.1,"r":-0.06283185307179587},"p1":{"x":940,"y":740,"z":0.9,"r":0.06283185307179587},"c0":{"x":940,"y":690},"c1":{"x":940,"y":690},"distance":100,"arcLengths":[0,2.9407999999998538,5.766399999999976,8.481599999999844,11.091200000000072,13.600000000000136,16.01279999999997,18.33439999999996,20.56959999999981,22.723200000000134,24.800000000000182,26.804800000000114,28.74240000000009,30.61760000000004,32.43520000000012,34.19999999999982,35.91679999999997,37.59039999999982,39.225599999999986,40.82719999999995,42.40000000000009,43.94880000000023,45.47840000000019,46.99360000000013,48.49919999999997,50,51.50080000000003,53.006399999999985,54.52159999999992,56.051199999999994,57.60000000000002,59.17279999999994,60.7743999999999,62.409599999999955,64.08320000000003,65.79999999999995,67.56479999999988,69.38239999999985,71.25760000000002,73.1952,75.20000000000016,77.27679999999998,79.43039999999996,81.66560000000004,83.98719999999992,86.39999999999998,88.90880000000004,91.51839999999993,94.23360000000002,97.05919999999992,100],"numPoints":50},"zoom":{"p0":{"x":0,"y":1.1},"p1":{"x":1,"y":0.9},"c0":{"x":0.5,"y":1},"c1":{"x":0.5,"y":1},"distance":1.019803902718557,"arcLengths":[0,0.02999039317114735,0.05880597224636289,0.08649568781297715,0.11310849045832058,0.13869333076972376,0.1632991593345171,0.18697492674003116,0.2097695835735963,0.23173208042254317,0.2529113678742022,0.2733563965159038,0.2931161169349786,0.31223947971875693,0.33077543545456944,0.34877293472974646,0.36628092813161867,0.3833483662475165,0.4000241996647704,0.4163573789707108,0.43239685475266826,0.4481915775979733,0.46379049809395634,0.4792425668279479,0.49459673438727847,0.5099019513592786,0.5252071683312788,0.5405613358906094,0.5560134046246009,0.5716123251205839,0.5874070479658888,0.6034465237478464,0.6197797030537867,0.6364555364710406,0.6535229745869384,0.6710309679888105,0.6890284672639876,0.7075644229998,0.7266877857835786,0.7464475062026533,0.7668925348443552,0.7880718222960138,0.8100343191449607,0.8328289759785258,0.8565047433840398,0.8811105719488331,0.9066954122602363,0.9333082149055797,0.960997930472194,0.9898135095474097,1.019803902718557],"numPoints":50},"rotation":{"p0":{"x":0,"y":-0.06283185307179587},"p1":{"x":1,"y":0.06283185307179587},"c0":{"x":0.5,"y":0},"c1":{"x":0.5,"y":0},"distance":1.0078647563248466,"arcLengths":[0,0.029639286754001095,0.058117513308715965,0.0854830571724482,0.11178429585350141,0.1370696068601792,0.16138736770078504,0.1847859558836227,0.20731374891699564,0.22901912430920762,0.24995045956856207,0.2701561322033626,0.2896845197219128,0.3085839996325163,0.32690294944347675,0.34468974666309754,0.3619927687996825,0.37886039336153515,0.39534099785695914,0.41148295979425786,0.4273346566817351,0.4429444660276944,0.45836076534043924,0.4736319321282733,0.4888063438995001,0.5039323781624234,0.5190584124253468,0.5342328241965737,0.5495039909844077,0.5649202902971525,0.5805300996431116,0.5963817965305889,0.6125237584678875,0.6290043629633114,0.6458719875251642,0.663175009661749,0.68096180688137,0.6992807566923303,0.718180236602934,0.7377086241214841,0.7579142967562847,0.7788456320156388,0.8005510074078508,0.8230788004412237,0.8464773886240614,0.8707951494646674,0.8960804604713452,0.9223816991523982,0.9497472430161306,0.9782254695708454,1.0078647563248466],"numPoints":50},"timing":{"tstart":2430.43,"tend":7529.51}}],"media":{"img-66-photo":{"size":{"width":640,"height":640},"sizes":["BIG640","TALL","SQR320","SQR160"],"type":"photo","faces":null,"id":"img-66-photo"}},"timing":{"tstart":2430.43,"tend":7529.51},"pois":[{"x":640,"y":640,"r":0}]},{"world":[{"x":640,"y":640,"r":0,"w":640,"h":640,"id":"img-68-photo","border":10}],"style":{"background":"blue"},"animations":[{"position":{"p0":{"x":940,"y":640,"z":1.1,"r":-0.06283185307179587},"p1":{"x":940,"y":740,"z":0.9,"r":0.06283185307179587},"c0":{"x":940,"y":690},"c1":{"x":940,"y":690},"distance":100,"arcLengths":[0,2.9407999999998538,5.766399999999976,8.481599999999844,11.091200000000072,13.600000000000136,16.01279999999997,18.33439999999996,20.56959999999981,22.723200000000134,24.800000000000182,26.804800000000114,28.74240000000009,30.61760000000004,32.43520000000012,34.19999999999982,35.91679999999997,37.59039999999982,39.225599999999986,40.82719999999995,42.40000000000009,43.94880000000023,45.47840000000019,46.99360000000013,48.49919999999997,50,51.50080000000003,53.006399999999985,54.52159999999992,56.051199999999994,57.60000000000002,59.17279999999994,60.7743999999999,62.409599999999955,64.08320000000003,65.79999999999995,67.56479999999988,69.38239999999985,71.25760000000002,73.1952,75.20000000000016,77.27679999999998,79.43039999999996,81.66560000000004,83.98719999999992,86.39999999999998,88.90880000000004,91.51839999999993,94.23360000000002,97.05919999999992,100],"numPoints":50},"zoom":{"p0":{"x":0,"y":1.1},"p1":{"x":1,"y":0.9},"c0":{"x":0.5,"y":1},"c1":{"x":0.5,"y":1},"distance":1.019803902718557,"arcLengths":[0,0.02999039317114735,0.05880597224636289,0.08649568781297715,0.11310849045832058,0.13869333076972376,0.1632991593345171,0.18697492674003116,0.2097695835735963,0.23173208042254317,0.2529113678742022,0.2733563965159038,0.2931161169349786,0.31223947971875693,0.33077543545456944,0.34877293472974646,0.36628092813161867,0.3833483662475165,0.4000241996647704,0.4163573789707108,0.43239685475266826,0.4481915775979733,0.46379049809395634,0.4792425668279479,0.49459673438727847,0.5099019513592786,0.5252071683312788,0.5405613358906094,0.5560134046246009,0.5716123251205839,0.5874070479658888,0.6034465237478464,0.6197797030537867,0.6364555364710406,0.6535229745869384,0.6710309679888105,0.6890284672639876,0.7075644229998,0.7266877857835786,0.7464475062026533,0.7668925348443552,0.7880718222960138,0.8100343191449607,0.8328289759785258,0.8565047433840398,0.8811105719488331,0.9066954122602363,0.9333082149055797,0.960997930472194,0.9898135095474097,1.019803902718557],"numPoints":50},"rotation":{"p0":{"x":0,"y":-0.06283185307179587},"p1":{"x":1,"y":0.06283185307179587},"c0":{"x":0.5,"y":0},"c1":{"x":0.5,"y":0},"distance":1.0078647563248466,"arcLengths":[0,0.029639286754001095,0.058117513308715965,0.0854830571724482,0.11178429585350141,0.1370696068601792,0.16138736770078504,0.1847859558836227,0.20731374891699564,0.22901912430920762,0.24995045956856207,0.2701561322033626,0.2896845197219128,0.3085839996325163,0.32690294944347675,0.34468974666309754,0.3619927687996825,0.37886039336153515,0.39534099785695914,0.41148295979425786,0.4273346566817351,0.4429444660276944,0.45836076534043924,0.4736319321282733,0.4888063438995001,0.5039323781624234,0.5190584124253468,0.5342328241965737,0.5495039909844077,0.5649202902971525,0.5805300996431116,0.5963817965305889,0.6125237584678875,0.6290043629633114,0.6458719875251642,0.663175009661749,0.68096180688137,0.6992807566923303,0.718180236602934,0.7377086241214841,0.7579142967562847,0.7788456320156388,0.8005510074078508,0.8230788004412237,0.8464773886240614,0.8707951494646674,0.8960804604713452,0.9223816991523982,0.9497472430161306,0.9782254695708454,1.0078647563248466],"numPoints":50},"timing":{"tstart":7529.51,"tend":12634.960000000001}}],"media":{"img-68-photo":{"size":{"width":640,"height":640},"sizes":["BIG640","TALL","SQR320","SQR160"],"type":"photo","faces":null,"id":"img-68-photo"}},"timing":{"tstart":7529.51,"tend":12634.960000000001},"pois":[{"x":640,"y":640,"r":0}]},{"world":[{"x":640,"y":640,"r":0,"w":640,"h":640,"id":"img-69-photo","border":10}],"style":{"background":"blue"},"animations":[{"position":{"p0":{"x":940,